{
  "parent": "item/handheld",
  "textures": {
    "layer0": "item/bone"
  },
  "display": {
    "head": {
      "rotation": [
        0,
        0,
        -45
      ],
      "translation": [
        0,
        -4.5,
        -6.5
      ],
      "scale": [
        1,
        1,
        1
      ]
    }
  },
  "overrides": [
  {"predicate": {"custom_model_data": 1001}, "model": "item/uec/black_bone"},
  {"predicate": {"custom_model_data": 1002}, "model": "item/uec/alloyed_bone"},
  {"predicate": {"custom_model_data": 1003}, "model": "item/uec/ancient_bone"}
  ]
}