{
  "parent": "item/generated",
  "textures": {
    "layer0": "item/leather_chestplate",
    "layer1": "item/leather_chestplate_overlay"
  },
    "overrides": [
	{"predicate": {"custom_model_data": 1001}, "model": "item/uec/armor/molten_chestplate"},
    {"predicate": {"custom_model_data": 1002}, "model": "item/uec/armor/charged_chestplate"},
	{"predicate": {"custom_model_data": 1003}, "model": "item/uec/armor/magic_chestplate"},
	{"predicate": {"custom_model_data": 1004}, "model": "item/uec/armor/steel_chestplate"}
	]
}