{
  "parent": "minecraft:item/generated",
  "textures": {
    "layer0": "minecraft:item/iron_horse_armor"
  },
  "overrides": [
  {"predicate": {"custom_model_data": 2001}, "model": "item/uec/alloyed_bone"},
  {"predicate": {"custom_model_data": 2002}, "model": "item/uec/ancient_bone"},
  {"predicate": {"custom_model_data": 2003}, "model": "item/uec/antidote"},
  {"predicate": {"custom_model_data": 2004}, "model": "item/uec/breathing_bottle"},
  {"predicate": {"custom_model_data": 2005}, "model": "item/uec/charged_star"},
  {"predicate": {"custom_model_data": 2006}, "model": "item/uec/ender_hammer"},
  {"predicate": {"custom_model_data": 2007}, "model": "item/uec/fire_flower"},
  {"predicate": {"custom_model_data": 2008}, "model": "item/uec/lucky_horseshoe"},
  {"predicate": {"custom_model_data": 2009}, "model": "item/uec/mana_chain"},
  {"predicate": {"custom_model_data": 2010}, "model": "item/uec/staff_of_lightning"},
  {"predicate": {"custom_model_data": 2011}, "model": "item/uec/suspicious_slime_ball"},
  {"predicate": {"custom_model_data": 2012}, "model": "item/uec/witch_staff"},
  {"predicate": {"custom_model_data": 2013}, "model": "item/uec/desert_eagle"}
  ]
}