{
  "parent": "minecraft:item/generated",
  "textures": {
    "layer0": "minecraft:item/iron_ingot"
  },
  "overrides": [
  {"predicate": {"custom_model_data": 1001}, "model": "item/uec/fire_fragment"},
  {"predicate": {"custom_model_data": 1002}, "model": "item/uec/black_bone"},
  {"predicate": {"custom_model_data": 1003}, "model": "item/uec/black_bone_meal"},
  {"predicate": {"custom_model_data": 1004}, "model": "item/uec/hardened_chain"},
  {"predicate": {"custom_model_data": 1005}, "model": "item/uec/life_crystal"},
  {"predicate": {"custom_model_data": 1006}, "model": "item/uec/heart"},
  {"predicate": {"custom_model_data": 1007}, "model": "item/uec/sulfur"},
  {"predicate": {"custom_model_data": 1008}, "model": "item/uec/explosive_powder"},
  {"predicate": {"custom_model_data": 1009}, "model": "item/uec/block_of_steel"},
  {"predicate": {"custom_model_data": 1010}, "model": "item/uec/steel_ingot"},
  {"predicate": {"custom_model_data": 1011}, "model": "item/uec/slime_ingot"},
  {"predicate": {"custom_model_data": 1012}, "model": "item/uec/charged_ingot"},
  {"predicate": {"custom_model_data": 1013}, "model": "item/uec/rifle_case"},
  {"predicate": {"custom_model_data": 1014}, "model": "item/uec/mana_star"},
  {"predicate": {"custom_model_data": 1015}, "model": "item/uec/steel_rod"},
  {"predicate": {"custom_model_data": 1016}, "model": "item/uec/mythical_flower"},
  {"predicate": {"custom_model_data": 1017}, "model": "item/uec/sticky_ingot"},
  {"predicate": {"custom_model_data": 1018}, "model": "item/uec/deagle_ammo"},
  {"predicate": {"custom_model_data": 1019}, "model": "item/uec/ruby"},
  {"predicate": {"custom_model_data": 1020}, "model": "item/uec/sticky_ammo"},
  {"predicate": {"custom_model_data": 1021}, "model": "item/uec/topaz"}
  ]
}