{
  "parent": "item/generated",
  "textures": {
    "layer0": "item/leather_chestplate",
    "layer1": "item/leather_chestplate_overlay"
  },
    "overrides": [
	{"predicate": {"custom_model_data": 5300}, "model": "item/uec/armor/charged_chestplate"},
	{"predicate": {"custom_model_data": 5301}, "model": "item/uec/armor/molten_chestplate"},
	{"predicate": {"custom_model_data": 5302}, "model": "item/uec/armor/magic_chestplate"},
	{"predicate": {"custom_model_data": 5303}, "model": "item/uec/armor/steel_chestplate"}
	]
}