{
  "parent": "item/generated",
  "textures": {
    "layer0": "item/leather_helmet",
    "layer1": "item/leather_helmet_overlay"
  },
    "overrides": [
	{"predicate": {"custom_model_data": 5400}, "model": "item/uec/armor/charged_helmet"},
    {"predicate": {"custom_model_data": 5401}, "model": "item/uec/armor/molten_helmet"},
	{"predicate": {"custom_model_data": 5402}, "model": "item/uec/armor/magic_helmet"},
	{"predicate": {"custom_model_data": 5403}, "model": "item/uec/armor/steel_helmet"}
	]
}