{
  "parent": "item/generated",
  "textures": {
    "layer0": "item/leather_leggings",
    "layer1": "item/leather_leggings_overlay"
  },
    "overrides": [
	{"predicate": {"custom_model_data": 5200}, "model": "item/uec/armor/charged_leggings"},
    {"predicate": {"custom_model_data": 5201}, "model": "item/uec/armor/molten_leggings"},
	{"predicate": {"custom_model_data": 5202}, "model": "item/uec/armor/magic_leggings"},
	{"predicate": {"custom_model_data": 5203}, "model": "item/uec/armor/steel_leggings"}
	]
}