{
  "parent": "item/generated",
  "textures": {
    "layer0": "items/slime_pistol"
  },
  "display": {
    "thirdperson_righthand": {
      "rotation": [
        40,
        260,
        -40
      ],
      "translation": [
        0,
        4.5,
        2.5
      ],
      "scale": [
        0.7,
        0.7,
        0.7
      ]
    },
    "thirdperson_lefthand": {
      "rotation": [
        -80,
        -280,
        160
      ],
      "translation": [
        0,
        4.5,
        2.5
      ],
      "scale": [
        0.7,
        0.7,
        0.7
      ]
    },
    "firstperson_righthand": {
      "rotation": [
        0,
        -90,
        0
      ],
      "translation": [
        -2.13,
        3.2,
        1.13
      ],
      "scale": [
        0.68,
        0.68,
        0.68
      ]
    },
    "firstperson_lefthand": {
      "rotation": [
        0,
        90,
        0
      ],
      "translation": [
        -2.13,
        3.2,
        1.13
      ],
      "scale": [
        0.68,
        0.68,
        0.68
      ]
    }
  }
}