{
  "parent": "minecraft:item/generated",
  "textures": {
    "layer0": "items/staff_of_lightning"
  },
  "display": {
    "thirdperson_righthand": {
      "rotation": [
        -60,
        260,
        -40
      ],
      "translation": [
        0,
        7.5,
        4.5
      ],
      "scale": [
        1,
        1,
        1
      ]
    },
    "thirdperson_lefthand": {
      "rotation": [
        -180,
        -280,
        160
      ],
      "translation": [
        0,
        7.5,
        4.5
      ],
      "scale": [
        1,
        1,
        1
      ]
    }
	}
}
}